S,B,latency,memory,energy,is_validation,status,flops_counted
32,1,0.0007387009999320071,18789376,0.042075167256985624,False,ok,18450432
32,2,0.000736125000003085,18899968,0.04165666666666733,False,ok,36900864
32,4,0.0009628529999190505,19121152,0.046392957182873756,False,ok,73801728
32,8,0.0007562104999578878,19563520,0.04374594186485391,False,ok,147603456
32,16,0.0007376960001010957,15000576,0.045435851746256216,False,ok,295206912
32,32,0.0009682580000003327,16245760,0.06174475353831109,False,ok,590413824
32,64,0.0010528525000381705,18736128,0.06680312973245812,False,ok,1180827648
32,95,0.0021163209999031096,47395840,0.14044656084655865,True,ok,1752791040
32,98,0.0021907599999622107,48443392,0.14310718113612028,True,ok,1808142336
32,128,0.002524337999943782,59368448,0.16928195488721745,False,ok,2361655296
32,167,0.003183545000013055,72572416,0.2170854430379752,True,ok,3081222144
32,256,0.005081463000124131,103695360,0.34574749999999765,False,ok,4723310592
48,1,0.0007713440000429728,14281216,0.032938063063062836,True,ok,41121792
48,2,0.0007387719999769615,14105600,0.0419970577418177,True,ok,82243584
48,4,0.0009780049999790208,14455808,0.052792394655704206,True,ok,164487168
48,8,0.0007442874999696869,15156224,0.05644473684210505,True,ok,328974336
48,16,0.0007575955000334034,16557056,0.05093336145086497,True,ok,657948672
48,32,0.0008548319999590603,19358720,0.05438786911412621,True,ok,1315897344
48,64,0.001346277500033466,24962048,0.09095250836120412,True,ok,2631794688
48,95,0.002524499499998001,53208064,0.1705662499999994,True,ok,3906570240
48,98,0.002885834500148121,54120448,0.18905467625899286,True,ok,4029935616
48,128,0.0036720150000064677,66577408,0.23843478260869233,True,ok,5263589376
48,167,0.005062375000079555,82248192,0.3288875000000007,True,ok,6867339264
48,256,0.007235818500021196,118113280,0.4736357142856962,True,ok,10527178752
64,1,0.0008438894999471813,23995392,0.04913116828342386,False,ok,72861696
64,2,0.0010011829999712063,24142848,0.05787238095238233,False,ok,145723392
64,4,0.0010266435000403362,24929280,0.056197947840957725,False,ok,291446784
64,8,0.0012091664998479246,17819136,0.06407321965897633,False,ok,582893568
64,16,0.0008530999999720734,19523072,0.0494820037105749,False,ok,1165787136
64,32,0.0012150849998988633,23847936,0.07623391812865318,False,ok,2331574272
64,64,0.0019993649999605623,33678336,0.12984645669291248,False,ok,4663148544
64,95,0.004471386999966853,60367872,0.2940223214285709,True,ok,6921861120
64,98,0.004750544999978956,61689856,0.31113207547169397,True,ok,7140446208
64,128,0.006503134000013233,76669952,0.42028205128205326,False,ok,9326297088
64,167,0.008109635999971943,95145472,0.5463529411764695,True,ok,12167903232
64,256,0.01257954199991218,138298368,0.822181250000017,False,ok,18652594176
112,1,0.000821740499986845,24299520,0.051165401518177826,True,ok,222492672
112,2,0.0008258304999344546,24751104,0.05648008385744308,True,ok,444985344
112,4,0.0010119500000200787,18724352,0.06840244523688296,True,ok,889970688
112,8,0.0010287919999427686,21439488,0.06992360379346689,True,ok,1779941376
112,16,0.001620918499952495,29008896,0.10387883556254826,True,ok,3559882752
112,32,0.0030533569999988686,44262400,0.2006265243902451,True,ok,7119765504
112,64,0.006141759000001912,75228160,0.40245426829268605,True,ok,14239531008
112,95,0.014209331999950336,158659584,0.9199236111111178,True,ok,21136803840
112,98,0.013949630000013258,175946752,0.9285347222222273,True,ok,21804281856
112,128,0.018964295000159836,205849600,1.245312499999987,True,ok,28479062016
112,167,0.026593167999863,273746944,1.734612500000003,True,ok,37156276224
112,256,0.03775303600002644,396559360,2.491839285714247,True,ok,56958124032
128,1,0.0010852980000208845,24437760,0.0663252296056186,False,ok,290506752
128,2,0.0007758704999787369,17819648,0.05263752913752968,False,ok,581013504
128,4,0.0007528739998861056,19523584,0.05066844309097821,False,ok,1162027008
128,8,0.0011928979999993317,23847936,0.07703638497652394,False,ok,2324054016
128,16,0.001940756499948293,33678336,0.12664285714285825,False,ok,4648108032
128,32,0.003755842500027029,53601280,0.24652052238805672,False,ok,9296216064
128,64,0.007500391000007767,119342080,0.4864595588235261,False,ok,18592432128
128,95,0.013646235000010165,171049984,0.9324473684210525,True,ok,27598141440
128,98,0.016707251500065468,189236224,1.087171875000024,True,ok,28469661696
128,128,0.02042715900006442,223544320,1.3397115384615552,False,ok,37184864256
128,167,0.029018801500001246,297526272,1.8446944444444346,True,ok,48514627584
128,256,0.04205185800014988,431948800,2.771104166666722,False,ok,74369728512
224,1,0.0008333694999578256,18725376,0.05263434675431355,False,ok,889030656
224,2,0.0009153320000905296,21439488,0.05775614035087768,False,ok,1778061312
224,4,0.0015551649998997163,29008896,0.10101990811638645,False,ok,3556122624
224,8,0.0027296080000951406,44262400,0.18220026881720525,False,ok,7112245248
224,16,0.005920495499935896,75228160,0.38861876832844644,False,ok,14224490496
224,32,0.012168556000005992,174699520,0.7867440476190625,False,ok,28448980992
224,64,0.023304646499923365,334881792,1.5022840909091015,False,ok,56897961984
224,95,0.05075454699999682,492012544,3.2951000000000024,True,ok,84457912320
224,98,0.056145026999956826,548310016,3.6303750000000035,True,ok,87125004288
224,128,0.06488894800008893,654435328,4.358656249999967,False,ok,113795923968
224,167,0.07627858199998627,877560832,5.290906250000035,True,ok,148468119552
224,256,0.13590473099998235,1293018112,9.101312499999949,False,ok,227591847936
256,1,0.0007943649999901936,19524608,0.05289678178963855,False,ok,1161086976
256,2,0.0009745129999600977,23847936,0.0681501035196693,False,ok,2322173952
256,4,0.0018505715000856071,33678336,0.12141796516956971,False,ok,4644347904
256,8,0.00374198500003331,53601280,0.2446443202979512,False,ok,9288695808
256,16,0.006339585500029443,119342080,0.4224625000000003,False,ok,18577391616
256,32,0.01367254799993134,223544320,0.9206776315789428,False,ok,37154783232
256,64,0.028811254999936864,431948800,1.841263888888938,False,ok,74309566464
256,95,0.060131709999950544,639230976,3.9831749999999375,True,ok,110303262720
256,98,0.05205884650001735,712049664,3.5916499999999814,True,ok,113786523648
256,128,0.07944689300006758,848757760,5.18846874999997,False,ok,148619132928
256,167,0.10614087000021755,1140917248,6.939624999999978,True,ok,193901524992
256,256,0.17774740300001213,1683088384,11.459125000000085,False,ok,297238265856
352,1,0.0009928874999332038,23847936,0.06861041666666665,True,ok,2194900992
352,2,0.0018031390000601277,32588800,0.11945788530465995,True,ok,4389801984
352,4,0.0037125960000139457,53257216,0.24160477941176636,True,ok,8779603968
352,8,0.006152118499983317,89777152,0.4159420731707264,True,ok,17559207936
352,16,0.013389300499966339,190342144,0.8757434210526275,True,ok,35118415872
352,32,0.0272882080000727,366863360,1.824212499999976,True,ok,70236831744
352,64,0.05650915299997905,716563456,3.6289999999999965,True,ok,140473663488
352,95,0.12132936100010738,1062458368,7.863857142857125,True,ok,208515594240
352,98,0.12608964199989714,1179108352,8.285437500000171,True,ok,215100297216
352,128,0.16001976100005777,1417798656,10.334437499999922,True,ok,280947326976
352,167,0.21251841699995566,1902220288,13.705999999999872,True,ok,366548465664
352,256,0.32391431900009593,2819744768,21.504750000000058,True,ok,561894653952
384,1,0.0011480154998935177,24962048,0.07375784753363168,False,ok,2612054016
384,2,0.0021610919999375255,36168704,0.1396835978835981,False,ok,5224108032
384,4,0.004334375499979615,58582016,0.2824451612903294,False,ok,10448216064
384,8,0.00740772350008001,103932928,0.4966875000000006,False,ok,20896432128
384,16,0.01585025700001097,227664896,1.0376406250000088,False,ok,41792864256
384,32,0.025070940000034625,436286464,1.7223500000000058,False,ok,83585728512
384,64,0.05065155200003346,857433088,3.4208000000000083,False,ok,167171457024
384,95,0.13986146199999894,1273271296,9.096874999999727,True,ok,248145131520
384,98,0.14711931800002276,1415490560,9.554437499999949,True,ok,255981293568
384,128,0.17581718799988266,1699865600,11.983199999999973,False,ok,334342914048
384,167,0.2577378910000334,2284577792,17.3100000000004,True,ok,436213020672
384,256,0.38214049599991995,3384312832,24.756500000000415,False,ok,668685828096
400,1,0.0012294409999640266,25915392,0.08195904221802111,True,ok,2834233344
400,2,0.00209059250005339,38566912,0.13895661157024816,True,ok,5668466688
400,4,0.0049790890000167565,63378432,0.32084029484030013,True,ok,11336933376
400,8,0.008446422000076836,113001472,0.5608874999999974,True,ok,22673866752
400,16,0.020126844000060373,257647616,1.2574326923077024,True,ok,45347733504
400,32,0.036224684499984505,498500608,2.3716071428571013,True,ok,90695467008
400,64,0.0722449019999658,983032832,4.757593749999955,True,ok,181390934016
400,95,0.15746322799986956,1459514368,10.326000000000022,True,ok,269252167680
400,98,0.14149784799997178,1627395072,9.69987500000002,True,ok,277754867712
400,128,0.21417624499986232,1948582912,14.217923076922979,True,ok,362781868032
400,167,0.28295973400008734,2622163968,18.18512499999997,True,ok,473316968448
400,256,0.45323356700009754,3882025984,30.158750000000055,True,ok,725563736064
512,1,0.0019052024999837158,33678336,0.12318233082706663,False,ok,4643407872
512,2,0.0036596084999018785,53601280,0.23920108695652295,False,ok,9286815744
512,4,0.006485538499987342,93447168,0.428009493670881,False,ok,18573631488
512,8,0.014714667500015821,173138944,0.9707352941176502,False,ok,37147262976
512,16,0.02769180900008905,399760384,1.8228000000000066,False,ok,74294525952
512,32,0.055709213999989515,784380928,3.803625000000102,False,ok,148589051904
512,64,0.11608060600019598,1553622016,7.371666666666594,False,ok,297178103808
512,95,0.2453367979999257,2314474496,15.610181818181776,True,ok,441123747840
512,98,0.2585775300001387,2575363072,17.386124999999993,True,ok,455053971456
512,128,0.30116044399994735,3092374528,19.985500000000002,False,ok,594356207616
512,167,0.41622950500004663,4162079744,27.606428571428946,True,ok,775449114624
512,256,0.6631351200001063,6169068544,43.54239999999991,False,ok,1188712415232
